{
  "stats": {
    "suites": 1,
    "tests": 17,
    "passes": 17,
    "pending": 0,
    "failures": 0,
    "start": "2020-06-09T11:51:00.828Z",
    "end": "2020-06-09T11:52:00.415Z",
    "duration": 59587,
    "testsRegistered": 17,
    "passPercent": 100,
    "pendingPercent": 0,
    "other": 0,
    "hasOther": false,
    "skipped": 0,
    "hasSkipped": false
  },
  "results": [
    {
      "uuid": "02866bad-396f-473a-bf11-038d2dfb7fa3",
      "title": "",
      "fullFile": "cypress/integration/Admin_flow.js",
      "file": "cypress/integration/Admin_flow.js",
      "beforeHooks": [],
      "afterHooks": [],
      "tests": [],
      "suites": [
        {
          "uuid": "0f561943-43c5-4eaf-b8a6-56f3355f2c21",
          "title": "Admin_flow for View and Manage Products",
          "fullFile": "",
          "file": "",
          "beforeHooks": [],
          "afterHooks": [],
          "tests": [
            {
              "title": "Verify  Forgot password?",
              "fullTitle": "Admin_flow for View and Manage Products Verify  Forgot password?",
              "timedOut": null,
              "duration": 3868,
              "state": "passed",
              "speed": "slow",
              "pass": true,
              "fail": false,
              "pending": false,
              "context": null,
              "code": "cy.visit('/'); //cy.get('input[name=\"email\"]').type(data.Invalid_Id1)\ncy.get('.MuiTypography-root.jss5.MuiTypography-body1').click();",
              "err": {},
              "uuid": "75eb18e1-1bad-4b2c-af90-94c45d6d6642",
              "parentUUID": "0f561943-43c5-4eaf-b8a6-56f3355f2c21",
              "isHook": false,
              "skipped": false
            },
            {
              "title": "Forgot passowrd screen_2",
              "fullTitle": "Admin_flow for View and Manage Products Forgot passowrd screen_2",
              "timedOut": null,
              "duration": 3792,
              "state": "passed",
              "speed": "slow",
              "pass": true,
              "fail": false,
              "pending": false,
              "context": null,
              "code": "//Forgot password\ncy.contains('Forgot Password?').should('be.visible');\ncy.contains(data.Text).should('be.visible');\ncy.get('img[alt=\"Back Button\"]').should('be.visible');\ncy.get('button[type=\"button\"]').contains('Submit');\ncy.get('button[type=\"button\"]').should('be.disabled');\ncy.get('.MuiInputBase-input').type(data.email);\ncy.get('img[alt=\"Back Button\"]').click();\ncy.wait(2000);",
              "err": {},
              "uuid": "b3914e85-3141-4530-a1b8-19a8d951759b",
              "parentUUID": "0f561943-43c5-4eaf-b8a6-56f3355f2c21",
              "isHook": false,
              "skipped": false
            },
            {
              "title": "Verify Login with invalid email",
              "fullTitle": "Admin_flow for View and Manage Products Verify Login with invalid email",
              "timedOut": null,
              "duration": 1965,
              "state": "passed",
              "speed": "slow",
              "pass": true,
              "fail": false,
              "pending": false,
              "context": null,
              "code": "//invalid email id\ncy.get('input[name=\"email\"]').type(data.Invalid_Id1);\ncy.get('input[name=\"password\"]').type(data.Password);\ncy.get('button[type=\"button\"]').click();\ncy.log('Should display an error snackbar saying User account not found.Please contact administrator');",
              "err": {},
              "uuid": "bf2d4724-35fd-4852-920d-fad09248cffb",
              "parentUUID": "0f561943-43c5-4eaf-b8a6-56f3355f2c21",
              "isHook": false,
              "skipped": false
            },
            {
              "title": "Verify Login with invalid Password",
              "fullTitle": "Admin_flow for View and Manage Products Verify Login with invalid Password",
              "timedOut": null,
              "duration": 2226,
              "state": "passed",
              "speed": "slow",
              "pass": true,
              "fail": false,
              "pending": false,
              "context": null,
              "code": "//invalid password\ncy.get('input[name=\"email\"]').clear().type(data.EmailId);\ncy.get('input[name=\"password\"]').clear().type(data.Invalid_Password);\ncy.get('button[type=\"button\"]').click();\ncy.log('Should display an error snackbar saying Username or Passsword is wrong');",
              "err": {},
              "uuid": "c1829bed-b194-401d-82d5-c9a0d4c1be62",
              "parentUUID": "0f561943-43c5-4eaf-b8a6-56f3355f2c21",
              "isHook": false,
              "skipped": false
            },
            {
              "title": "Verify Login with leaving email or password field empty",
              "fullTitle": "Admin_flow for View and Manage Products Verify Login with leaving email or password field empty",
              "timedOut": null,
              "duration": 1194,
              "state": "passed",
              "speed": "slow",
              "pass": true,
              "fail": false,
              "pending": false,
              "context": null,
              "code": "//leave any field empty \ncy.get('input[name=\"email\"]').clear();\ncy.get('input[name=\"password\"]').clear().type(data.Password);\ncy.get('button[type=\"button\"]').should('be.disabled');\ncy.log('User should not be able to login');",
              "err": {},
              "uuid": "5ea3ecbd-aca4-4bac-a4f9-953ad6fc29f5",
              "parentUUID": "0f561943-43c5-4eaf-b8a6-56f3355f2c21",
              "isHook": false,
              "skipped": false
            },
            {
              "title": "Verify Login with valid credentials",
              "fullTitle": "Admin_flow for View and Manage Products Verify Login with valid credentials",
              "timedOut": null,
              "duration": 1501,
              "state": "passed",
              "speed": "slow",
              "pass": true,
              "fail": false,
              "pending": false,
              "context": null,
              "code": "//valid credential\ncy.get('input[name=\"email\"]').clear().type(data.EmailId);\ncy.get('input[name=\"password\"]').clear().type(data.Password);\ncy.get('button[type=\"button\"]').should('be.enabled');\ncy.get('button[type=\"button\"]').click();\ncy.log('Logged in successfully');",
              "err": {},
              "uuid": "cee90a28-ecf8-4a6d-b990-62fb70d69e13",
              "parentUUID": "0f561943-43c5-4eaf-b8a6-56f3355f2c21",
              "isHook": false,
              "skipped": false
            },
            {
              "title": "Check the Welcome_screen",
              "fullTitle": "Admin_flow for View and Manage Products Check the Welcome_screen",
              "timedOut": null,
              "duration": 2297,
              "state": "passed",
              "speed": "slow",
              "pass": true,
              "fail": false,
              "pending": false,
              "context": null,
              "code": "cy.get(':nth-child(1) > .form_field ').should('be.visible');\ncy.get(':nth-child(2) > .form_field ').should('be.visible');\ncy.get(':nth-child(1) > .form_field ').click();\ncy.wait(2000);",
              "err": {},
              "uuid": "b0b3f5d9-06f7-4d6a-a954-68b30faed1db",
              "parentUUID": "0f561943-43c5-4eaf-b8a6-56f3355f2c21",
              "isHook": false,
              "skipped": false
            },
            {
              "title": "Check Manage_products_screen",
              "fullTitle": "Admin_flow for View and Manage Products Check Manage_products_screen",
              "timedOut": null,
              "duration": 3366,
              "state": "passed",
              "speed": "slow",
              "pass": true,
              "fail": false,
              "pending": false,
              "context": null,
              "code": "cy.contains('Manage Product');\ncy.contains('View & Manage Products').should('be.visible').click();\ncy.log('Clicked on View & Manage Products button');\ncy.wait(3000);",
              "err": {},
              "uuid": "7beaa29e-59eb-4749-bead-8fa39b0e93e9",
              "parentUUID": "0f561943-43c5-4eaf-b8a6-56f3355f2c21",
              "isHook": false,
              "skipped": false
            },
            {
              "title": "Add a product",
              "fullTitle": "Admin_flow for View and Manage Products Add a product",
              "timedOut": null,
              "duration": 10458,
              "state": "passed",
              "speed": "slow",
              "pass": true,
              "fail": false,
              "pending": false,
              "context": null,
              "code": "cy.contains('Add Product').click();\ncy.log('Clicked on Add product option');\ncy.contains('Please Add Product ').should('be.visible');\ncy.log('Please Add Product message is visible');\ncy.contains('Enter details');\ncy.log('Enter details message is visible');\nvar fileName = 'black-cotton-napkin.jpg';\ncy.get('#icon-button-photo').attachFile('microfiber-towels.jpg');\ncy.log('Successfully uploads the image');\ncy.get('input[name=\"productName\"]').type('Microfiber Towel');\ncy.get('#category').click();\ncy.get('[data-value=\"BOH\"]').click();\ncy.get('input[name=\"defaultQuantity\"]').type('1,000');\ncy.get('input[name=\"price\"]').type('$0.20');\ncy.get('#units').click();\ncy.get('[data-value=\"Per Wash\"]').click();\ncy.get('input[name=\"description\"]').type('Perfect for polishing glasses');\ncy.get('.MuiGrid-root > .MuiButtonBase-root').click();\ncy.wait(5000);\ncy.log(\"Product added successfully\"); //cy.contains('Exit without saving').click() \n//cy.contains('Go Home').click()",
              "err": {},
              "uuid": "6ec75e46-8f7c-4f91-b1da-86fd8e6edb0b",
              "parentUUID": "0f561943-43c5-4eaf-b8a6-56f3355f2c21",
              "isHook": false,
              "skipped": false
            },
            {
              "title": "Verify Delete product",
              "fullTitle": "Admin_flow for View and Manage Products Verify Delete product",
              "timedOut": null,
              "duration": 1219,
              "state": "passed",
              "speed": "slow",
              "pass": true,
              "fail": false,
              "pending": false,
              "context": null,
              "code": "cy.scrollTo(0, 5000);\ncy.get('button[type=\"button\"]').eq(20).click();\ncy.contains('Delete Product').click();\ncy.get('.MuiDialogActions-root > :nth-child(2)').click();\ncy.log('Product Deleted successfully ');",
              "err": {},
              "uuid": "958d95ee-f008-4b4e-9353-2350b8d21778",
              "parentUUID": "0f561943-43c5-4eaf-b8a6-56f3355f2c21",
              "isHook": false,
              "skipped": false
            },
            {
              "title": "Modify a product",
              "fullTitle": "Admin_flow for View and Manage Products Modify a product",
              "timedOut": null,
              "duration": 695,
              "state": "passed",
              "speed": "slow",
              "pass": true,
              "fail": false,
              "pending": false,
              "context": null,
              "code": "cy.get('button[type=\"button\"]').eq(16).click();\ncy.log('Clicked on modify option');\ncy.contains('Edit Product').should('be.visible');\ncy.log('Edit Product option is displayed');\ncy.contains('Delete Product').should('be.visible');\ncy.log('Delete Product option is displayed');",
              "err": {},
              "uuid": "553544bd-3068-4adf-9bf6-24765ea57247",
              "parentUUID": "0f561943-43c5-4eaf-b8a6-56f3355f2c21",
              "isHook": false,
              "skipped": false
            },
            {
              "title": "Verify Edit product",
              "fullTitle": "Admin_flow for View and Manage Products Verify Edit product",
              "timedOut": null,
              "duration": 2863,
              "state": "passed",
              "speed": "slow",
              "pass": true,
              "fail": false,
              "pending": false,
              "context": null,
              "code": "cy.contains('Edit Product').click();\ncy.get('input[name=\"defaultQuantity\"]').type('.00');\ncy.log('Edited the quantity');\ncy.contains('Update Product').click(); //cy.contains('Exit without saving').click()\n//cy.contains('View & Manage Products').click()\n//cy.log('Product successfully updated')\ncy.wait(2000);",
              "err": {},
              "uuid": "a00062f2-116f-432b-bf6b-f68ecd17ac1e",
              "parentUUID": "0f561943-43c5-4eaf-b8a6-56f3355f2c21",
              "isHook": false,
              "skipped": false
            },
            {
              "title": "Select Generate a link option",
              "fullTitle": "Admin_flow for View and Manage Products Select Generate a link option",
              "timedOut": null,
              "duration": 13695,
              "state": "passed",
              "speed": "slow",
              "pass": true,
              "fail": false,
              "pending": false,
              "context": null,
              "code": "cy.contains('Go Home').click();\ncy.wait(2000);\ncy.contains('Generate a Link').click();\ncy.log('Clicked on Generate a link button');\ncy.wait(3000);",
              "err": {},
              "uuid": "7c048667-3c6d-4c16-854e-f930e6b03eb8",
              "parentUUID": "0f561943-43c5-4eaf-b8a6-56f3355f2c21",
              "isHook": false,
              "skipped": false
            },
            {
              "title": "Enter organization details here",
              "fullTitle": "Admin_flow for View and Manage Products Enter organization details here",
              "timedOut": null,
              "duration": 5513,
              "state": "passed",
              "speed": "slow",
              "pass": true,
              "fail": false,
              "pending": false,
              "context": null,
              "code": "cy.log('Welcome Eric! message is diaplyed');\ncy.contains(\"Let's Get Started\").should('be.visible');\ncy.log(\"Let's Get Started message is displayed\");\ncy.get('button[type=\"button\"]').should('be.disabled');\ncy.get('input[name=\"OrganizationName\"]').type(data.OrganizationName);\ncy.get('input[name=\"ContactName\"]').type(data.UserName);\ncy.get('button[type=\"button\"]').should('be.enabled');\ncy.get('input[name=\"Email\"]').type(data.Email);\ncy.log('Entered all the details');\ncy.get('button[type=\"button\"]').click();\ncy.log('Clicked on Generate link button');\ncy.wait(3000);",
              "err": {},
              "uuid": "1b435544-84a4-47cc-b567-53188425c129",
              "parentUUID": "0f561943-43c5-4eaf-b8a6-56f3355f2c21",
              "isHook": false,
              "skipped": false
            },
            {
              "title": "Verify generated link screen",
              "fullTitle": "Admin_flow for View and Manage Products Verify generated link screen",
              "timedOut": null,
              "duration": 468,
              "state": "passed",
              "speed": "slow",
              "pass": true,
              "fail": false,
              "pending": false,
              "context": null,
              "code": "// .link generated screen\ncy.get('.MuiTypography-root').should('have.text', 'Here is your link');\ncy.get('img[alt=\"Back Button\"]').should('be.visible');\ncy.log('Back button is displayed');\ncy.get('.MuiButton-label').should('be.visible').click();\ncy.log('Clicked on Share button');",
              "err": {},
              "uuid": "17aba88f-4747-45a0-99b1-2dab6d21e60c",
              "parentUUID": "0f561943-43c5-4eaf-b8a6-56f3355f2c21",
              "isHook": false,
              "skipped": false
            },
            {
              "title": "Check Share pop-up",
              "fullTitle": "Admin_flow for View and Manage Products Check Share pop-up",
              "timedOut": null,
              "duration": 3518,
              "state": "passed",
              "speed": "slow",
              "pass": true,
              "fail": false,
              "pending": false,
              "context": null,
              "code": "cy.get(':nth-child(1) > .MuiListItemText-root > .MuiTypography-root').should('have.text', 'Send link to mobile number');\ncy.log('Send link to mobile number option is displayed is disabled');\ncy.get(':nth-child(2) > .MuiListItemText-root > .MuiTypography-root').should('have.text', 'Send link to email');\ncy.log('Send link to email option is displayed');\ncy.get('#Share-link').click();\ncy.log('Successfully clicked on send icon ');\ncy.wait(1000);\ncy.get('.MuiDialogActions-root > .MuiButtonBase-root').click();\ncy.log('Clicked on Send button');\ncy.wait(2000);",
              "err": {},
              "uuid": "825f683c-bcc1-49c5-ad6c-2bc319bfac92",
              "parentUUID": "0f561943-43c5-4eaf-b8a6-56f3355f2c21",
              "isHook": false,
              "skipped": false
            },
            {
              "title": "Verify Success_screen",
              "fullTitle": "Admin_flow for View and Manage Products Verify Success_screen",
              "timedOut": null,
              "duration": 207,
              "state": "passed",
              "speed": "slow",
              "pass": true,
              "fail": false,
              "pending": false,
              "context": null,
              "code": "cy.contains('Link has been shared').should('be.visible');\ncy.log('Link has been shared text is displayed');\ncy.contains('Generate New Link').should('be.enabled');\ncy.log('Genreate a new link button is displayed');",
              "err": {},
              "uuid": "0dcb358c-4ac7-4fdd-a5be-c281c54b9621",
              "parentUUID": "0f561943-43c5-4eaf-b8a6-56f3355f2c21",
              "isHook": false,
              "skipped": false
            }
          ],
          "suites": [],
          "passes": [
            "75eb18e1-1bad-4b2c-af90-94c45d6d6642",
            "b3914e85-3141-4530-a1b8-19a8d951759b",
            "bf2d4724-35fd-4852-920d-fad09248cffb",
            "c1829bed-b194-401d-82d5-c9a0d4c1be62",
            "5ea3ecbd-aca4-4bac-a4f9-953ad6fc29f5",
            "cee90a28-ecf8-4a6d-b990-62fb70d69e13",
            "b0b3f5d9-06f7-4d6a-a954-68b30faed1db",
            "7beaa29e-59eb-4749-bead-8fa39b0e93e9",
            "6ec75e46-8f7c-4f91-b1da-86fd8e6edb0b",
            "958d95ee-f008-4b4e-9353-2350b8d21778",
            "553544bd-3068-4adf-9bf6-24765ea57247",
            "a00062f2-116f-432b-bf6b-f68ecd17ac1e",
            "7c048667-3c6d-4c16-854e-f930e6b03eb8",
            "1b435544-84a4-47cc-b567-53188425c129",
            "17aba88f-4747-45a0-99b1-2dab6d21e60c",
            "825f683c-bcc1-49c5-ad6c-2bc319bfac92",
            "0dcb358c-4ac7-4fdd-a5be-c281c54b9621"
          ],
          "failures": [],
          "pending": [],
          "skipped": [],
          "duration": 58845,
          "root": false,
          "rootEmpty": false,
          "_timeout": 2000
        }
      ],
      "passes": [],
      "failures": [],
      "pending": [],
      "skipped": [],
      "duration": 0,
      "root": true,
      "rootEmpty": true,
      "_timeout": 2000
    }
  ],
  "meta": {
    "mocha": {
      "version": "7.0.1"
    },
    "mochawesome": {
      "options": {
        "quiet": false,
        "reportFilename": "mochawesome",
        "saveHtml": true,
        "saveJson": true,
        "consoleReporter": "spec",
        "useInlineDiffs": false,
        "code": true
      },
      "version": "6.1.1"
    },
    "marge": {
      "options": {
        "id": "default",
        "reportDir": "cypress/reports/mocha",
        "quite": true,
        "overwrite": false,
        "html": true,
        "json": true
      },
      "version": "5.1.0"
    }
  }
}