{
  "stats": {
    "suites": 1,
    "tests": 10,
    "passes": 10,
    "pending": 0,
    "failures": 0,
    "start": "2020-06-09T11:57:35.061Z",
    "end": "2020-06-09T11:58:23.722Z",
    "duration": 48661,
    "testsRegistered": 10,
    "passPercent": 100,
    "pendingPercent": 0,
    "other": 0,
    "hasOther": false,
    "skipped": 0,
    "hasSkipped": false
  },
  "results": [
    {
      "uuid": "a840fbca-3065-486f-9028-d38ec10a8d75",
      "title": "",
      "fullFile": "cypress/integration/lead_flow.js",
      "file": "cypress/integration/lead_flow.js",
      "beforeHooks": [],
      "afterHooks": [],
      "tests": [],
      "suites": [
        {
          "uuid": "97a57df6-cae9-4a34-b58c-296744b5228d",
          "title": "Lead_flow",
          "fullFile": "",
          "file": "",
          "beforeHooks": [],
          "afterHooks": [],
          "tests": [
            {
              "title": "Verify Welcome_Screen",
              "fullTitle": "Lead_flow Verify Welcome_Screen",
              "timedOut": null,
              "duration": 7182,
              "state": "passed",
              "speed": "slow",
              "pass": true,
              "fail": false,
              "pending": false,
              "context": null,
              "code": "cy.visit(data.Lead_url);\ncy.contains('Hey There').should('be.visible');\ncy.contains('price quote for a wholly soul-cleansing').should('be.visible');\ncy.contains('alternative for your linen needs').should('be.visible');\ncy.get('.MuiInputBase-input').type(data.UserName);\ncy.contains('Begin').should('be.enabled').click();\ncy.log('clicked on Begin button');\ncy.wait(1000);\ncy.get(':nth-child(2) > .MuiTypography-root').click();\ncy.wait(1000);",
              "err": {},
              "uuid": "fcf125db-04b7-4948-a5fe-3f35f1d37531",
              "parentUUID": "97a57df6-cae9-4a34-b58c-296744b5228d",
              "isHook": false,
              "skipped": false
            },
            {
              "title": "Verify search functionality",
              "fullTitle": "Lead_flow Verify search functionality",
              "timedOut": null,
              "duration": 4590,
              "state": "passed",
              "speed": "slow",
              "pass": true,
              "fail": false,
              "pending": false,
              "context": null,
              "code": "cy.get('.MuiInputBase-input').type('blac');\ncy.wait(1000);\ncy.log('Searching product'); //search functionality\ncy.get('.MuiFab-label').eq(0).click();\ncy.get('.MuiInputBase-input').clear();",
              "err": {},
              "uuid": "37ca9c30-4906-4549-a520-b7e10e626e86",
              "parentUUID": "97a57df6-cae9-4a34-b58c-296744b5228d",
              "isHook": false,
              "skipped": false
            },
            {
              "title": "Adding Products to cart from list",
              "fullTitle": "Lead_flow Adding Products to cart from list",
              "timedOut": null,
              "duration": 15712,
              "state": "passed",
              "speed": "slow",
              "pass": true,
              "fail": false,
              "pending": false,
              "context": null,
              "code": "cy.get('.MuiFab-label').eq(2).click();\ncy.wait(1000);\ncy.log('Selected two products from list');\ncy.contains('Quote Me').click();\ncy.log('Successfully clicked on Quote Me');\ncy.wait(2000);",
              "err": {},
              "uuid": "f8b31022-58ae-4c17-b510-937b9eb43e40",
              "parentUUID": "97a57df6-cae9-4a34-b58c-296744b5228d",
              "isHook": false,
              "skipped": false
            },
            {
              "title": "Verify Cart page",
              "fullTitle": "Lead_flow Verify Cart page",
              "timedOut": null,
              "duration": 898,
              "state": "passed",
              "speed": "slow",
              "pass": true,
              "fail": false,
              "pending": false,
              "context": null,
              "code": "cy.contains('How many do you need weekly?').should('be.visible');\ncy.log('How many do you need weekly? message is displayed');\ncy.contains('Hit us with your best shot').should('be.visible');\ncy.log('Hit us with your best shot message is displayed');\ncy.contains('Weekly Usage').should('be.visible');\ncy.log('Weekly usage is displayed');",
              "err": {},
              "uuid": "40e06fc6-4097-4db2-9302-850bd87c45a2",
              "parentUUID": "97a57df6-cae9-4a34-b58c-296744b5228d",
              "isHook": false,
              "skipped": false
            },
            {
              "title": "Verify the quotation of selected Products",
              "fullTitle": "Lead_flow Verify the quotation of selected Products",
              "timedOut": null,
              "duration": 9868,
              "state": "passed",
              "speed": "slow",
              "pass": true,
              "fail": false,
              "pending": false,
              "context": null,
              "code": "cy.get('.MuiInputBase-input.MuiInput-input').eq(0).type('0');\ncy.log('Edited the quantity');\ncy.contains('YOU PAY').should('be.visible');\ncy.log('Total amount is displayed');\ncy.contains('Next').click();\ncy.log('Clicked on Next button');\ncy.wait(5000);",
              "err": {},
              "uuid": "18341b44-c236-406e-b6ee-8789ea341210",
              "parentUUID": "97a57df6-cae9-4a34-b58c-296744b5228d",
              "isHook": false,
              "skipped": false
            },
            {
              "title": "Verify Tango_screen",
              "fullTitle": "Lead_flow Verify Tango_screen",
              "timedOut": null,
              "duration": 387,
              "state": "passed",
              "speed": "slow",
              "pass": true,
              "fail": false,
              "pending": false,
              "context": null,
              "code": "cy.contains('Ready to Tango?').should('be.visible');\ncy.log('Ready to Tango? message is displayed');\ncy.get('input[type=\"radio\"]').check(['Yes']);\ncy.contains(\"Fucking A! If you'll give us your digits\").should('be.visible');",
              "err": {},
              "uuid": "7c30b330-c5e4-4e5b-8a8e-fe1c062d267b",
              "parentUUID": "97a57df6-cae9-4a34-b58c-296744b5228d",
              "isHook": false,
              "skipped": false
            },
            {
              "title": "When select Yeah,Let's do it",
              "fullTitle": "Lead_flow When select Yeah,Let's do it",
              "timedOut": null,
              "duration": 5836,
              "state": "passed",
              "speed": "slow",
              "pass": true,
              "fail": false,
              "pending": false,
              "context": null,
              "code": "cy.contains(\"Fucking A! If you'll give us your digits\").should('be.visible');\ncy.contains(\"we'll get this ball rolling...\").should('be.visible');\ncy.get('input[name=\"OrganizationName\"]').type(data.OrganizationName);\ncy.log('Entered Organization Name');\ncy.get('input[name=\"ContactName\"]').should('have.value', data.UserName);\ncy.log('Checked User name');\ncy.get('input[name= \"MobileNumber\"]').type(data.MobileNumber);\ncy.log('Entered Mobile NUmber');\ncy.get('input[name=\"Email\"]').type(data.Email);\ncy.log('Entered Email id');\ncy.get(' img[alt=\"Back Button\"]').should('be.visible');\ncy.log('Back button is visible');\ncy.contains('Submit').click();\ncy.log('Clicked on Submit button');\ncy.wait(2000);",
              "err": {},
              "uuid": "a0f76d27-58d0-41f4-9579-1900efc1eb94",
              "parentUUID": "97a57df6-cae9-4a34-b58c-296744b5228d",
              "isHook": false,
              "skipped": false
            },
            {
              "title": "Verify Success_screen",
              "fullTitle": "Lead_flow Verify Success_screen",
              "timedOut": null,
              "duration": 422,
              "state": "passed",
              "speed": "slow",
              "pass": true,
              "fail": false,
              "pending": false,
              "context": null,
              "code": "cy.contains('Swell!!').should('be.visible');\ncy.contains(\"We can't wait to get started!\").should('be.visible');\ncy.contains('Eric is going to hit you up soon to discuss important details').should('be.visible');\ncy.contains(data.AdminName).should('be.visible');\ncy.contains(data.Admin_Id).should('be.visible');\ncy.contains(data.AdminNumber).should('be.visible');\ncy.log(\"Eric's details should be displayed\");\ncy.contains('Refer a Friend').click();",
              "err": {},
              "uuid": "2393b702-5b58-4090-a016-01aab247979b",
              "parentUUID": "97a57df6-cae9-4a34-b58c-296744b5228d",
              "isHook": false,
              "skipped": false
            },
            {
              "title": "Verify Refer_a_Friend_screen",
              "fullTitle": "Lead_flow Verify Refer_a_Friend_screen",
              "timedOut": null,
              "duration": 3052,
              "state": "passed",
              "speed": "slow",
              "pass": true,
              "fail": false,
              "pending": false,
              "context": null,
              "code": "cy.contains('Sweet! Preach it!').should('be.visible');\ncy.log('Sweet! Preach it! message to be displayed'); //cy.get(':nth-child(1) > .form_field > .MuiGrid-root ') \n// .should('have.value','Sonakshi Singh')\n//cy.log('Sonakshi Singh  to be displayed in Your Name')\ncy.get(':nth-child(2) > .form_field .MuiGrid-root').type(data[\"Friend's Name\"]);\ncy.get(':nth-child(3) > .form_field > .MuiGrid-root ').type(data.MobileNumber);\ncy.get('img[alt=\"Back Button\"]').should('be.visible');\ncy.log('Back button is visible');\ncy.contains('Text it').click();\ncy.log('Clicked on Tetx it button');\ncy.wait(2000);",
              "err": {},
              "uuid": "84061295-11e1-4762-a41b-d96f65be611b",
              "parentUUID": "97a57df6-cae9-4a34-b58c-296744b5228d",
              "isHook": false,
              "skipped": false
            },
            {
              "title": "Verify success screen after Referering a frien",
              "fullTitle": "Lead_flow Verify success screen after Referering a frien",
              "timedOut": null,
              "duration": 210,
              "state": "passed",
              "speed": "slow",
              "pass": true,
              "fail": false,
              "pending": false,
              "context": null,
              "code": "cy.contains('The deed is done.').should('be.visible');\ncy.contains('Thanks for spreading the word!');\ncy.log('The deed is done. Thanks for spreading the word! message is displayed');\ncy.contains('Refer another Friend').should('be.visible');\ncy.log('Refre Another Friend button is displayed'); //cy.contains('Go Back to Website')\n//.should('be.visible')\n//.click()\ncy.log('Get started again option should be displayed');",
              "err": {},
              "uuid": "96873bc1-e9c6-4fce-abc2-0f03fc84e6cf",
              "parentUUID": "97a57df6-cae9-4a34-b58c-296744b5228d",
              "isHook": false,
              "skipped": false
            }
          ],
          "suites": [],
          "passes": [
            "fcf125db-04b7-4948-a5fe-3f35f1d37531",
            "37ca9c30-4906-4549-a520-b7e10e626e86",
            "f8b31022-58ae-4c17-b510-937b9eb43e40",
            "40e06fc6-4097-4db2-9302-850bd87c45a2",
            "18341b44-c236-406e-b6ee-8789ea341210",
            "7c30b330-c5e4-4e5b-8a8e-fe1c062d267b",
            "a0f76d27-58d0-41f4-9579-1900efc1eb94",
            "2393b702-5b58-4090-a016-01aab247979b",
            "84061295-11e1-4762-a41b-d96f65be611b",
            "96873bc1-e9c6-4fce-abc2-0f03fc84e6cf"
          ],
          "failures": [],
          "pending": [],
          "skipped": [],
          "duration": 48157,
          "root": false,
          "rootEmpty": false,
          "_timeout": 2000
        }
      ],
      "passes": [],
      "failures": [],
      "pending": [],
      "skipped": [],
      "duration": 0,
      "root": true,
      "rootEmpty": true,
      "_timeout": 2000
    }
  ],
  "meta": {
    "mocha": {
      "version": "7.0.1"
    },
    "mochawesome": {
      "options": {
        "quiet": false,
        "reportFilename": "mochawesome",
        "saveHtml": true,
        "saveJson": true,
        "consoleReporter": "spec",
        "useInlineDiffs": false,
        "code": true
      },
      "version": "6.1.1"
    },
    "marge": {
      "options": {
        "id": "default",
        "reportDir": "cypress/reports/mocha",
        "quite": true,
        "overwrite": false,
        "html": true,
        "json": true
      },
      "version": "5.1.0"
    }
  }
}