{
  "stats": {
    "suites": 1,
    "tests": 16,
    "passes": 16,
    "pending": 0,
    "failures": 0,
    "start": "2020-06-09T11:55:11.231Z",
    "end": "2020-06-09T11:56:11.099Z",
    "duration": 59868,
    "testsRegistered": 16,
    "passPercent": 100,
    "pendingPercent": 0,
    "other": 0,
    "hasOther": false,
    "skipped": 0,
    "hasSkipped": false
  },
  "results": [
    {
      "uuid": "d52ad83c-dd69-44d0-8dfa-6a8c937089e9",
      "title": "",
      "fullFile": "cypress/integration/Prospect_flow.js",
      "file": "cypress/integration/Prospect_flow.js",
      "beforeHooks": [],
      "afterHooks": [],
      "tests": [],
      "suites": [
        {
          "uuid": "e1adf1cc-0c7e-4977-9443-ac25988b111c",
          "title": "Prospect_flow",
          "fullFile": "",
          "file": "",
          "beforeHooks": [],
          "afterHooks": [],
          "tests": [
            {
              "title": "Verify Begin_Screen",
              "fullTitle": "Prospect_flow Verify Begin_Screen",
              "timedOut": null,
              "duration": 12253,
              "state": "passed",
              "speed": "slow",
              "pass": true,
              "fail": false,
              "pending": false,
              "context": null,
              "code": "cy.visit(data.Prospect_url);\ncy.wait(1000);\ncy.contains('Hey, Sonakshi Singh').should('have.text', 'Hey, Sonakshi Singh');\ncy.log('Hey,Sonakshi singh messsage is displayed');\ncy.get(':nth-child(3) > .typo > .MuiGrid-root > :nth-child(1)');\ncy.contains('You’re about 5 minutes away from a no-bullshit').should('be.visible');\ncy.contains('price quote for a wholly soul-cleansing').should('be.visible');\ncy.contains('alternative for your linen needs').should('be.visible');\ncy.contains('Begin').should('be.enabled').click();\ncy.log('clicked on Begin button');\ncy.wait(1000);",
              "err": {},
              "uuid": "e904c133-57ad-4d97-9c6e-6d32d416af5e",
              "parentUUID": "e1adf1cc-0c7e-4977-9443-ac25988b111c",
              "isHook": false,
              "skipped": false
            },
            {
              "title": "Verify splash_screen1",
              "fullTitle": "Prospect_flow Verify splash_screen1",
              "timedOut": null,
              "duration": 1411,
              "state": "passed",
              "speed": "slow",
              "pass": true,
              "fail": false,
              "pending": false,
              "context": null,
              "code": "cy.contains('The Best Damn Cotton Napkins').should('be.visible');\ncy.log('The Best Damn Cotton Napkins message is displayed');\ncy.contains('Delivered Daily').should('be.visible');\ncy.log('Delivered Daily message is displayed');\ncy.contains('Polyester can’t absorb a damn thing!').should('be.visible');\ncy.log(\"Our napkins and towels are woven message is displayed\");\ncy.contains('Polyester can’t absorb a damn thing!').should('be.visible');\ncy.log(\"Our napkins and towels are woven message is displayed\");\ncy.contains('with 100% ultra-soft cotton.').should('be.visible');\ncy.log(\"with 100% ultra-soft cotton. message is displayed\");\ncy.contains('We swap ‘em out every day, so they’re fresh').should('be.visible');\ncy.log(\"We swap ‘em out every day, so they’re fresh message is displayed\");\ncy.contains(\"like rain, and they fit snugly in ‘tu casa’\").should('be.visible');\ncy.log(\"like rain, and they fit snugly in ‘tu casa’ message is displayed\");\ncy.get('[tabindex=\"0\"] .MuiSvgIcon-root').click();\ncy.get('.MuiMobileStepper-root > [tabindex=\"0\"] ').click({\n  multiple: true\n});",
              "err": {},
              "uuid": "47821bc0-8bc3-44b6-81e0-f4e0152fd096",
              "parentUUID": "e1adf1cc-0c7e-4977-9443-ac25988b111c",
              "isHook": false,
              "skipped": false
            },
            {
              "title": "Verify splash_screen2",
              "fullTitle": "Prospect_flow Verify splash_screen2",
              "timedOut": null,
              "duration": 899,
              "state": "passed",
              "speed": "slow",
              "pass": true,
              "fail": false,
              "pending": false,
              "context": null,
              "code": "cy.contains('No Contracts').should('be.visible');\ncy.log('No Contracts message is displayed');\ncy.contains('No Hidden Fees').should('be.visible');\ncy.log('No Hidden Fees message is displayed');\ncy.contains('One transparent fee.').should('be.visible');\ncy.log(\"One transparent fee. message is displayed\");\ncy.contains('No nickels. No dimes.').should('be.visible');\ncy.log(\"No nickels. No dimes. message is displayed\");\ncy.contains('Not even inventory maintenance fees.').should('be.visible');\ncy.log(\"Not even inventory maintenance fees. message is displayed\");\ncy.contains('Go online to adjust your usage anytime.').should('be.visible');\ncy.log(\"Go online to adjust your usage anytime. message is displayed\");\ncy.contains('Cancel anytime.').should('be.visible');\ncy.log(\"Cancel anytime. message is displayed\");\ncy.get('.MuiMobileStepper-root > [tabindex=\"0\"] ').click({\n  multiple: true\n});\ncy.contains('Skip Intro').click();",
              "err": {},
              "uuid": "72a45e53-29a8-4dd5-86c4-6851af313e15",
              "parentUUID": "e1adf1cc-0c7e-4977-9443-ac25988b111c",
              "isHook": false,
              "skipped": false
            },
            {
              "title": "Verify Product_list_screen",
              "fullTitle": "Prospect_flow Verify Product_list_screen",
              "timedOut": null,
              "duration": 2374,
              "state": "passed",
              "speed": "slow",
              "pass": true,
              "fail": false,
              "pending": false,
              "context": null,
              "code": "cy.get('.MuiBottomNavigation-root > :nth-child(3)').click();\ncy.log('Clicked on BOH category');\ncy.get(':nth-child(2) > .MuiBottomNavigationAction-wrapper').click();\ncy.wait(2000);\ncy.log('Clicked on FOH category'); //cy.get('.MuiButtonBase-root.Mui-selected')\n//.click()",
              "err": {},
              "uuid": "b23e4536-06d2-4f0a-8050-0b1c681e9a9a",
              "parentUUID": "e1adf1cc-0c7e-4977-9443-ac25988b111c",
              "isHook": false,
              "skipped": false
            },
            {
              "title": "Selecting Products from list",
              "fullTitle": "Prospect_flow Selecting Products from list",
              "timedOut": null,
              "duration": 5801,
              "state": "passed",
              "speed": "slow",
              "pass": true,
              "fail": false,
              "pending": false,
              "context": null,
              "code": "cy.get('.MuiBottomNavigation-root > :nth-child(1)').click();\ncy.wait(1000);\ncy.get('.MuiFab-label').eq(0).click();\ncy.get('.MuiFab-label').eq(1).click();\ncy.wait(1000);\ncy.log('Selected two products from list');\ncy.contains('Quote Me').click();\ncy.log('Successfully clicked on Quote Me');\ncy.wait(2000);",
              "err": {},
              "uuid": "172fad8e-a9ba-4143-aeab-5a4b2666bbc4",
              "parentUUID": "e1adf1cc-0c7e-4977-9443-ac25988b111c",
              "isHook": false,
              "skipped": false
            },
            {
              "title": "Verify Cart page",
              "fullTitle": "Prospect_flow Verify Cart page",
              "timedOut": null,
              "duration": 253,
              "state": "passed",
              "speed": "slow",
              "pass": true,
              "fail": false,
              "pending": false,
              "context": null,
              "code": "cy.contains('How many do you need weekly?').should('be.visible');\ncy.log('How many do you need weekly? message is displayed');\ncy.contains('Hit us with your best shot').should('be.visible');\ncy.log('Hit us with your best shot message is displayed');\ncy.contains('Weekly Usage').should('be.visible');\ncy.log('Weekly usage is displayed');",
              "err": {},
              "uuid": "839fc63f-009a-464a-81e9-faebc210a443",
              "parentUUID": "e1adf1cc-0c7e-4977-9443-ac25988b111c",
              "isHook": false,
              "skipped": false
            },
            {
              "title": "Verify Add more products",
              "fullTitle": "Prospect_flow Verify Add more products",
              "timedOut": null,
              "duration": 1923,
              "state": "passed",
              "speed": "slow",
              "pass": true,
              "fail": false,
              "pending": false,
              "context": null,
              "code": "cy.contains('Add more Products').should('be.visible');\ncy.log('Add more Product option is displayed');\ncy.contains('Add more Products').click();\ncy.wait(1000);\ncy.get('.MuiFab-label').eq(3).click();\ncy.log('Added one more product');\ncy.contains('Quote Me').click();\ncy.log('Successfully clicked on Quote Me');",
              "err": {},
              "uuid": "598c84a6-81d8-442b-9a3c-d11084bb51b9",
              "parentUUID": "e1adf1cc-0c7e-4977-9443-ac25988b111c",
              "isHook": false,
              "skipped": false
            },
            {
              "title": "Verify the quotation of selected Products",
              "fullTitle": "Prospect_flow Verify the quotation of selected Products",
              "timedOut": null,
              "duration": 5700,
              "state": "passed",
              "speed": "slow",
              "pass": true,
              "fail": false,
              "pending": false,
              "context": null,
              "code": "cy.get('.MuiInputBase-input.MuiInput-input').eq(0).type('0');\ncy.log('Edited the quantity');\ncy.contains('YOU PAY').should('be.visible');\ncy.log('Total amount is displayed');\ncy.contains('Next').click();\ncy.log('Clicked on Next button');\ncy.wait(5000);",
              "err": {},
              "uuid": "6bf9813b-63b9-4a1c-b7d6-1acd8e65f3c6",
              "parentUUID": "e1adf1cc-0c7e-4977-9443-ac25988b111c",
              "isHook": false,
              "skipped": false
            },
            {
              "title": "Verify Tango_screen",
              "fullTitle": "Prospect_flow Verify Tango_screen",
              "timedOut": null,
              "duration": 429,
              "state": "passed",
              "speed": "slow",
              "pass": true,
              "fail": false,
              "pending": false,
              "context": null,
              "code": "cy.contains('Ready to Tango?').should('be.visible');\ncy.log('Ready to Tango? message is displayed');\ncy.get('input[type=\"radio\"]').check(['Yes']);\ncy.contains(\"Fucking A! If you'll give us your digits\").should('be.visible');",
              "err": {},
              "uuid": "fcae0d96-3d6f-40cc-9143-64e627db60f0",
              "parentUUID": "e1adf1cc-0c7e-4977-9443-ac25988b111c",
              "isHook": false,
              "skipped": false
            },
            {
              "title": "When select Yeah,Let's do it",
              "fullTitle": "Prospect_flow When select Yeah,Let's do it",
              "timedOut": null,
              "duration": 2519,
              "state": "passed",
              "speed": "slow",
              "pass": true,
              "fail": false,
              "pending": false,
              "context": null,
              "code": "cy.contains(\"Fucking A! If you'll give us your digits\").should('be.visible');\ncy.contains(\"we'll get this ball rolling...\").should('be.visible');\ncy.get('input[name=\"OrganizationName\"]').should('have.value', data.OrganizationName);\ncy.log('Checked Organization Name');\ncy.get('input[name=\"ContactName\"]').should('have.value', data.UserName);\ncy.log('Checked User name');\ncy.get('input[name= \"MobileNumber\"]').should('have.value', data.MobileNumber);\ncy.log('Checked Mobile NUmber');\ncy.get('input[name=\"Email\"]').should('have.value', data.Email);\ncy.log('Checked Email id');\ncy.get(' img[alt=\"Back Button\"]').should('be.visible');\ncy.log('Back button is visible');\ncy.contains('Submit').click();\ncy.log('Clicked on Submit button');\ncy.wait(2000);",
              "err": {},
              "uuid": "038fd677-4cb6-4d64-8695-a4bc3fefb80c",
              "parentUUID": "e1adf1cc-0c7e-4977-9443-ac25988b111c",
              "isHook": false,
              "skipped": false
            },
            {
              "title": "Verify Success_screen",
              "fullTitle": "Prospect_flow Verify Success_screen",
              "timedOut": null,
              "duration": 443,
              "state": "passed",
              "speed": "slow",
              "pass": true,
              "fail": false,
              "pending": false,
              "context": null,
              "code": "cy.contains('Swell!!').should('be.visible');\ncy.contains(\"We can't wait to get started!\").should('be.visible');\ncy.contains('Eric is going to hit you up soon to discuss important details').should('be.visible');\ncy.contains(data.AdminName).should('be.visible');\ncy.contains(data.Admin_Id).should('be.visible');\ncy.contains(data.AdminNumber).should('be.visible');\ncy.log(\"Eric's details should be displayed\");\ncy.contains('Refer a Friend').click();",
              "err": {},
              "uuid": "a3e6c11b-3e71-4623-9949-96fc773e5147",
              "parentUUID": "e1adf1cc-0c7e-4977-9443-ac25988b111c",
              "isHook": false,
              "skipped": false
            },
            {
              "title": "Verify Refer_a_Friend_screen",
              "fullTitle": "Prospect_flow Verify Refer_a_Friend_screen",
              "timedOut": null,
              "duration": 3588,
              "state": "passed",
              "speed": "slow",
              "pass": true,
              "fail": false,
              "pending": false,
              "context": null,
              "code": "cy.contains('Sweet! Preach it!').should('be.visible');\ncy.log('Sweet! Preach it! message to be displayed');\ncy.get(':nth-child(2) > .form_field .MuiGrid-root').type(data[\"Friend's Name\"]);\ncy.get(':nth-child(3) > .form_field > .MuiGrid-root ').type(data.MobileNumber);\ncy.get('img[alt=\"Back Button\"]').should('be.visible');\ncy.log('Back button is visible');\ncy.contains('Text it').click();\ncy.log('Clicked on Tetx it button');\ncy.wait(2000);",
              "err": {},
              "uuid": "21b88ace-446d-4516-aa67-dddd6ce60f3b",
              "parentUUID": "e1adf1cc-0c7e-4977-9443-ac25988b111c",
              "isHook": false,
              "skipped": false
            },
            {
              "title": "Verify Add more products",
              "fullTitle": "Prospect_flow Verify Add more products",
              "timedOut": null,
              "duration": 230,
              "state": "passed",
              "speed": "slow",
              "pass": true,
              "fail": false,
              "pending": false,
              "context": null,
              "code": "cy.contains('The deed is done.').should('be.visible');\ncy.contains('Thanks for spreading the word!');\ncy.log('The deed is done. Thanks for spreading the word! message is displayed');\ncy.contains('Refer another Friend').should('be.visible');\ncy.log('Refre Another Friend button is displayed');\ncy.contains('Get started again').should('be.visible');\ncy.log('Get started again option should be displayed');",
              "err": {},
              "uuid": "9e1fd473-e41f-4ad8-a271-22905e44bbf1",
              "parentUUID": "e1adf1cc-0c7e-4977-9443-ac25988b111c",
              "isHook": false,
              "skipped": false
            },
            {
              "title": "Verify Get started Again",
              "fullTitle": "Prospect_flow Verify Get started Again",
              "timedOut": null,
              "duration": 15830,
              "state": "passed",
              "speed": "slow",
              "pass": true,
              "fail": false,
              "pending": false,
              "context": null,
              "code": "cy.contains('Get started again').click();\ncy.get('.MuiFab-label').eq(0).click();\ncy.get('.MuiFab-label').eq(1).click();\ncy.wait(1000);\ncy.log('Selected two products from list');\ncy.contains('Quote Me').click();\ncy.log('Successfully clicked on Quote Me');\ncy.wait(2000);\ncy.get('.MuiInputBase-input.MuiInput-input').eq(0).type('0');\ncy.log('Edited the quantity');\ncy.contains('YOU PAY').should('be.visible');\ncy.log('Total amount is displayed');\ncy.contains('Next').click();\ncy.log('Clicked on Next button');\ncy.wait(5000);",
              "err": {},
              "uuid": "db4ac1e2-1103-4b8d-84ca-f7c38e950ea9",
              "parentUUID": "e1adf1cc-0c7e-4977-9443-ac25988b111c",
              "isHook": false,
              "skipped": false
            },
            {
              "title": "When seleceted Not yet,let me chew on this",
              "fullTitle": "Prospect_flow When seleceted Not yet,let me chew on this",
              "timedOut": null,
              "duration": 5450,
              "state": "passed",
              "speed": "slow",
              "pass": true,
              "fail": false,
              "pending": false,
              "context": null,
              "code": "cy.get('input[type=\"radio\"]').check(['No']);\ncy.contains('Heard! You put on that thinking cap.').should('be.visible');\ncy.contains(\"We'll send you your quote to mull over.\").should('be.visible');\ncy.get('input[name=\"OrganizationName\"]').should('have.value', data.OrganizationName);\ncy.log('Checked Organization Name');\ncy.get('input[name=\"ContactName\"]').should('have.value', data.UserName);\ncy.log('Checked User name');\ncy.get('input[name= \"MobileNumber\"]').should('have.value', data.MobileNumber);\ncy.log('Checked Mobile NUmber');\ncy.get('input[name=\"Email\"]').should('have.value', data.Email);\ncy.log('Checked Email id');\ncy.get(' img[alt=\"Back Button\"]').should('be.visible');\ncy.log('Back button is visible');\ncy.contains('Submit').click();\ncy.log('Clicked on Submit button');\ncy.wait(3000);",
              "err": {},
              "uuid": "bcc0592f-7b41-492d-8d80-bd9fbba97ecb",
              "parentUUID": "e1adf1cc-0c7e-4977-9443-ac25988b111c",
              "isHook": false,
              "skipped": false
            },
            {
              "title": "Verify Waiting_screen",
              "fullTitle": "Prospect_flow Verify Waiting_screen",
              "timedOut": null,
              "duration": 283,
              "state": "passed",
              "speed": "slow",
              "pass": true,
              "fail": false,
              "pending": false,
              "context": null,
              "code": "cy.contains(\"We'll just sit tight till we hear from you again\").should('be.visible');\ncy.contains(data.AdminName).should('be.visible');\ncy.contains(data.Admin_Id).should('be.visible');\ncy.contains(data.AdminNumber).should('be.visible');\ncy.log(\"Eric's details should be displayed\");",
              "err": {},
              "uuid": "c9de8fb0-f828-48a2-af55-1b355532a2bd",
              "parentUUID": "e1adf1cc-0c7e-4977-9443-ac25988b111c",
              "isHook": false,
              "skipped": false
            }
          ],
          "suites": [],
          "passes": [
            "e904c133-57ad-4d97-9c6e-6d32d416af5e",
            "47821bc0-8bc3-44b6-81e0-f4e0152fd096",
            "72a45e53-29a8-4dd5-86c4-6851af313e15",
            "b23e4536-06d2-4f0a-8050-0b1c681e9a9a",
            "172fad8e-a9ba-4143-aeab-5a4b2666bbc4",
            "839fc63f-009a-464a-81e9-faebc210a443",
            "598c84a6-81d8-442b-9a3c-d11084bb51b9",
            "6bf9813b-63b9-4a1c-b7d6-1acd8e65f3c6",
            "fcae0d96-3d6f-40cc-9143-64e627db60f0",
            "038fd677-4cb6-4d64-8695-a4bc3fefb80c",
            "a3e6c11b-3e71-4623-9949-96fc773e5147",
            "21b88ace-446d-4516-aa67-dddd6ce60f3b",
            "9e1fd473-e41f-4ad8-a271-22905e44bbf1",
            "db4ac1e2-1103-4b8d-84ca-f7c38e950ea9",
            "bcc0592f-7b41-492d-8d80-bd9fbba97ecb",
            "c9de8fb0-f828-48a2-af55-1b355532a2bd"
          ],
          "failures": [],
          "pending": [],
          "skipped": [],
          "duration": 59386,
          "root": false,
          "rootEmpty": false,
          "_timeout": 2000
        }
      ],
      "passes": [],
      "failures": [],
      "pending": [],
      "skipped": [],
      "duration": 0,
      "root": true,
      "rootEmpty": true,
      "_timeout": 2000
    }
  ],
  "meta": {
    "mocha": {
      "version": "7.0.1"
    },
    "mochawesome": {
      "options": {
        "quiet": false,
        "reportFilename": "mochawesome",
        "saveHtml": true,
        "saveJson": true,
        "consoleReporter": "spec",
        "useInlineDiffs": false,
        "code": true
      },
      "version": "6.1.1"
    },
    "marge": {
      "options": {
        "id": "default",
        "reportDir": "cypress/reports/mocha",
        "quite": true,
        "overwrite": false,
        "html": true,
        "json": true
      },
      "version": "5.1.0"
    }
  }
}